interconnection,kind,hour_or_alpha,type,id_or_path,kv,inferred_circuits,extra_needed,flow_or_load_mw,rating_mva_or_buses,loading_pct_or_sx,lat,lon,substations
Eastern,at_cap,stored,line,741,500,8,,,12880,,33.2915,-89.4211,WOLF CREEK-MCADAMS
Eastern,at_cap,stored,line,6622,500,8,,,12880,,33.0148,-89.6814,MCADAMS-LAKEOVER
Eastern,at_cap,stored,line,11408,500,8,,,12880,,34.3467,-92.4263,EL DORADO SUBSTATION-SHERIDAN
Eastern,at_cap,stored,line,23522,500,8,,,12880,,34.3467,-92.4263,WHITE BLUFF-SHERIDAN
Eastern,at_cap,stored,line,420,230,8,,,3220,,30.4279,-90.1933,UNKNOWN112536-UNKNOWN112537
Eastern,at_cap,stored,line,9061,230,8,,,3220,,30.7635,-88.0590,CHICKASAW-BIG CREEK
Eastern,at_cap,stored,line,36292,230,8,,,3220,,30.4279,-90.1933,UNKNOWN112536-LITTLE GYPSY STATION
Eastern,at_cap,stored,line,59707,230,8,,,3220,,33.0017,-85.9026,UNKNOWN115640-UNKNOWN176564
Eastern,at_cap,stored,line,281229,230,8,,,3600,,30.7813,-89.9052,-
Eastern,at_cap,stored,line,11925,161,8,,,2147,,37.4028,-87.0069,UNKNOWN155292-TAP155984
Eastern,at_cap,stored,line,42920,138,8,,,1789,,40.7402,-73.8622,CORONA-JAMAICA
Eastern,at_cap,stored,line,86376,138,8,,,2000,,40.6889,-73.8445,-
Eastern,at_cap,stored,line,86481,138,8,,,2000,,40.6898,-73.8440,-
Eastern,at_cap,stored,line,90085,138,8,,,2000,,40.6889,-73.8445,-
Eastern,at_cap,stored,line,218253,138,8,,,1789,,40.7838,-73.9034,EAST ASTORIA-NORTH QUEENS
Eastern,at_cap,stored,line,1642,100,8,,,1431,,39.9716,-81.5751,UNKNOWN152342-TAP152343
Eastern,at_cap,stored,line,8818,100,8,,,1431,,39.9334,-81.5272,UNKNOWN114946-UNKNOWN152342
Eastern,at_cap,stored,line,21634,100,8,,,1431,,39.9902,-81.5651,UNKNOWN152345-UNKNOWN154029
Eastern,at_cap,stored,line,52391,100,8,,,1431,,39.9817,-81.5528,TAP152343-TAP172478
Eastern,at_cap,stored,line,57299,100,8,,,1431,,39.9902,-81.5651,UNKNOWN152345-TAP172478
Eastern,at_cap,stored,line,1204,69,8,,,930,,40.6663,-73.6850,TAP135490-TAP140036
Eastern,at_cap,stored,line,73808,69,8,,,930,,32.3774,-94.6414,TAP302590-KNOX LEE SUBSTATION
Eastern,at_cap,stored,line,78478,69,8,,,930,,32.3869,-94.6422,TAP302590-NOT AVAILABLE
Eastern,at_cap,stored,line,231873,69,8,,,930,,40.7532,-73.7015,LAKE SUCCESS-JAMAICA
ERCOT,at_cap,stored,line,72821,138,8,,,1789,,31.9969,-102.6199,UNKNOWN304097-NOT AVAILABLE
ERCOT,at_cap,stored,line,73969,138,8,,,1789,,31.8422,-101.9780,UNKNOWN301810-TAP306792
ERCOT,at_cap,stored,line,74873,138,8,,,1789,,31.4883,-100.3855,SAN ANGELO RED CREEK-TAP305072
ERCOT,at_cap,stored,line,75753,138,8,,,1789,,29.5391,-95.9537,NOT AVAILABLE-NOT AVAILABLE
ERCOT,at_cap,stored,line,76985,138,8,,,1789,,32.1402,-101.7935,UNKNOWN306132-NOT AVAILABLE
ERCOT,at_cap,stored,line,78173,138,8,,,1789,,29.1567,-95.6574,NOT AVAILABLE-NOT AVAILABLE
ERCOT,at_cap,stored,line,78384,138,8,,,1789,,31.0850,-102.3648,RIO PECOS-NOT AVAILABLE
ERCOT,at_cap,stored,line,79752,138,8,,,1789,,33.1983,-96.8133,TAP305102-FRISCO
ERCOT,at_cap,stored,line,79767,138,8,,,1789,,31.3083,-100.9391,TAP302036-NOT AVAILABLE
ERCOT,at_cap,stored,line,82001,138,8,,,1789,,31.4940,-100.4352,UNKNOWN301236-TAP305072
ERCOT,at_cap,stored,line,83174,138,8,,,1789,,33.0799,-99.5806,UNKNOWN304032-NOT AVAILABLE
ERCOT,at_cap,stored,line,83295,138,8,,,1789,,31.1192,-102.2979,NOT AVAILABLE-NOT AVAILABLE
ERCOT,at_cap,stored,line,84052,138,8,,,1789,,31.7984,-102.5283,UNKNOWN304097-NOT AVAILABLE
ERCOT,at_cap,stored,line,84852,138,8,,,1789,,31.0850,-102.3648,RIO PECOS-NOT AVAILABLE
ERCOT,at_cap,stored,line,73452,69,8,,,930,,32.3341,-100.9161,UNKNOWN300957-UNKNOWN304462
ERCOT,at_cap,stored,line,74137,69,8,,,930,,31.6791,-100.7987,UNKNOWN302928-TAP305168
ERCOT,at_cap,stored,line,84434,69,8,,,930,,30.7192,-101.1997,UNKNOWN307170-NOT AVAILABLE
ERCOT,at_cap,stored,line,281322,69,8,,,1040,,33.1027,-97.9529,-
Western,at_cap,stored,line,84848,238,8,,,3220,,33.1448,-112.6763,UNKNOWN300419-NOT AVAILABLE
Western,at_cap,stored,line,60799,115,8,,,1431,,41.9769,-122.3614,COPCO 2 230KV-COPCO 2 115KV
Western,at_cap,stored,line,62341,115,8,,,1431,,45.8221,-110.5622,UNKNOWN202683-UNKNOWN204130
Western,at_cap,stored,line,62850,115,8,,,1431,,46.1048,-112.8763,MILL CREEK GENERATING STATION-DILLON-SALMON
Western,at_cap,stored,line,70297,115,8,,,1431,,43.4726,-121.6961,UNKNOWN208656-TAP208658
Western,at_cap,stored,line,70299,115,8,,,1431,,43.6673,-121.5167,TAP208658-TAP208659
Western,at_cap,stored,line,70301,115,8,,,1431,,43.6673,-121.5161,TAP208659-TAP208661
Western,at_cap,stored,line,70306,115,8,,,1431,,43.6611,-121.4543,LAPINE-TAP208661
Western,at_cap,stored,line,85209,115,8,,,1431,,34.5762,-117.4132,ROADWAY-KRAMER
Western,at_cap,stored,line,60366,69,8,,,930,,42.1986,-121.7839,KLAMATH FALLS-TAP203348
Western,at_cap,stored,line,60793,69,8,,,930,,41.6167,-122.3994,COPCO-TAP203335
Western,at_cap,stored,line,60794,69,8,,,930,,41.6196,-122.3644,TAP203335-HART
Western,at_cap,stored,line,60795,69,8,,,930,,41.7017,-122.3696,HART-COPCO 2 115KV
Western,at_cap,stored,line,60814,69,8,,,930,,42.1885,-121.7707,TAP203348-HORNET
Western,at_cap,stored,line,60815,69,8,,,930,,42.1811,-121.6993,HORNET-MERRILL
Western,at_cap,stored,line,62420,69,8,,,930,,45.0122,-113.6346,TAP207233-UNKNOWN207236
Western,at_cap,stored,line,62426,69,8,,,930,,45.1765,-113.0159,TAP204170-DILLON-SALMON
Western,at_cap,stored,line,62901,69,8,,,930,,45.3235,-110.7599,UNKNOWN204130-UNKNOWN204503
Western,at_cap,stored,line,84174,69,8,,,930,,33.6669,-112.2586,NOT AVAILABLE-NOT AVAILABLE
Western,at_cap,stored,line,77013,66,8,,,890,,34.0083,-117.5643,NOT AVAILABLE-NOT AVAILABLE
Western,at_cap,stored,line,284244,66,8,,,800,,34.0188,-117.5581,-
Western,at_cap,stored,line,74478,60,8,,,809,,39.6707,-120.2480,LOYALTON-NOT AVAILABLE
Western,at_cap,stored,line,74721,60,8,,,809,,39.7568,-120.3710,LOYALTON-NOT AVAILABLE
Western,at_cap,stored,line,74900,60,8,,,809,,39.7568,-120.3710,NOT AVAILABLE-NOT AVAILABLE
Western,at_cap,stored,line,74973,60,8,,,809,,39.6681,-120.2430,NOT AVAILABLE-NOT AVAILABLE
Western,at_cap,stored,line,75408,60,8,,,809,,39.8176,-120.4735,UNKNOWN309603-NOT AVAILABLE
Western,at_cap,stored,line,77470,60,8,,,809,,39.9340,-120.9017,EAST QUINCY-NOT AVAILABLE
Western,at_cap,stored,line,78215,60,8,,,809,,39.9344,-120.8883,NOT AVAILABLE-NOT AVAILABLE
Western,at_cap,stored,line,78976,60,8,,,809,,39.9385,-120.9108,EAST QUINCY-CARIBOU
Western,at_cap,stored,line,80040,60,8,,,809,,39.6707,-120.2480,NOT AVAILABLE-NOT AVAILABLE
Western,at_cap,stored,line,81657,60,8,,,809,,39.9344,-120.8883,NOT AVAILABLE-NOT AVAILABLE
Western,at_cap,stored,line,81984,60,8,,,809,,39.8013,-120.6448,UNKNOWN309603-NOT AVAILABLE
Western,at_cap,stored,line,62902,46,8,,,620,,45.1002,-110.7883,UNKNOWN204503-UNKNOWN204504
Western,at_cap,stored,line,68113,46,8,,,620,,44.7208,-110.6715,UNKNOWN207216-UNKNOWN207220
Western,at_cap,stored,line,68717,46,8,,,620,,40.6645,-112.0871,UNKNOWN205258-TAP207983
Western,at_cap,stored,line,68862,46,8,,,620,,43.6528,-113.3140,TAP207697-TAP207698
Western,at_cap,stored,line,68864,46,8,,,620,,43.7829,-113.3364,LOST RIVER-TAP207698
Western,at_cap,stored,line,85410,33,8,,,445,,34.2428,-117.2855,HUSTON-BURNT MILL
Western,at_cap,stored,line,85411,33,8,,,445,,34.2834,-117.2163,HUSTON-NOT AVAILABLE
Western,at_cap,stored,line,85418,33,8,,,445,,34.1456,-117.0591,SANTA ANA 1-NOT AVAILABLE
Western,at_cap,stored,line,85419,33,8,,,445,,34.2080,-117.1040,BURNT MILL-NOT AVAILABLE
ERCOT,at_cap,stored,transformer,775,138/69,8,,,1600,,31.1551,-102.2268,
ERCOT,at_cap,stored,transformer,1915,345/138,8,,,4800,,32.9845,-96.9385,
ERCOT,at_cap,stored,transformer,6934,345/138,8,,,4800,,29.8184,-95.2193,
ERCOT,at_cap,stored,transformer,7971,138/69,8,,,1600,,32.9069,-97.4785,
Western,at_cap,stored,transformer,537,115/33,8,,,800,,34.2834,-117.2163,
Western,at_cap,stored,transformer,2403,230/69,8,,,3200,,42.1986,-121.7839,
Western,at_cap,stored,transformer,4559,115/69,8,,,800,,41.9749,-122.3587,
Western,at_cap,stored,transformer,9247,230/115,8,,,3200,,40.0860,-121.1484,
Western,at_cap,stored,transformer,10857,230/115,8,,,3200,,41.9769,-122.3614,
Western,at_cap,stored,transformer,11365,230/115,8,,,3200,,43.6611,-121.4543,
Western,pocket_refused,alpha 1.0,path,line:61726,%{230.0 => 1},,,0,2,0.0,44.094230165,-104.636903151,
