bus,yard,interconnection,plant_mw,escape_kv,floor_kv,osm_kv,osm_dist_km,osm_way_id,reach_km
81053,6150,Eastern,2055.0,130.5,230.0,765.0,0.227,1062106510,40.2
71881,72209,ERCOT,1884.4,138.0,230.0,345.0,0.45,520385212,33.0
64798,66957,ERCOT,1021.0,138.0,230.0,345.0,0.051,171704784,41.4
69379,70376,ERCOT,828.9,138.0,230.0,345.0,0.179,39624216,8.6
55013,58260,Western,621.2,115.0,138.0,230.0,0.022,1254633491,4.8
65596,67552,ERCOT,578.8,69.0,138.0,138.0,0.047,518903008,18.2
1624,21479,Eastern,567.0,100.0,138.0,138.0,0.017,1193698566,0.0
3894,3601,Eastern,560.0,115.0,138.0,230.0,0.293,1033068802,6.4
66387,68101,ERCOT,556.0,69.0,138.0,138.0,0.015,467959355,14.9
70775,71352,ERCOT,537.6,69.0,138.0,138.0,0.007,10015536,26.1
8681,9039,Eastern,500.9,115.0,138.0,230.0,0.448,693429446,0.2
70453,71130,ERCOT,500.0,69.0,138.0,345.0,0.097,1365642984,21.8
62706,64972,Western,500.0,115.0,138.0,345.0,0.115,1112513144,53.5
59767,62404,Western,410.7,115.0,138.0,230.0,0.22,5436088,16.8
8458,8820,Eastern,400.0,69.0,138.0,345.0,0.11,1021292355,30.7
65319,67349,ERCOT,371.1,115.0,138.0,230.0,0.003,460604595,10.8
59768,62405,Western,365.5,115.0,138.0,230.0,0.624,5436088,2.0
19976,20406,Eastern,363.0,115.0,138.0,230.0,0.586,1059079879,11.4
15963,16280,Eastern,357.6,120.0,138.0,345.0,0.136,175146065,0.4
21798,22442,Eastern,350.0,115.0,138.0,345.0,0.059,1148115539,8.7
8521,8878,Eastern,342.6,115.0,138.0,230.0,0.589,157278517,0.6
16706,17023,Eastern,334.5,115.0,138.0,161.0,0.106,1412410042,0.1
85433,47011,Eastern,311.1,130.5,138.0,138.0,0.538,1321453593,1.0
69873,70720,ERCOT,308.8,69.0,138.0,345.0,0.386,453376982,8.0
80196,3659,Eastern,306.0,130.5,138.0,230.0,0.023,1176909237,0.6
75158,74796,ERCOT,300.0,69.0,138.0,138.0,0.005,344841810,26.3
25742,26451,Eastern,297.0,115.0,138.0,345.0,0.052,1120234863,4.7
19887,20285,Eastern,293.1,115.0,138.0,345.0,0.362,1545814137,16.4
27487,28334,Eastern,290.0,115.0,138.0,500.0,0.079,1208438591,30.8
54936,58200,Western,290.0,115.0,138.0,230.0,0.048,851976685,2.9
46852,59009,Western,263.0,115.0,138.0,138.0,0.012,1337621578,22.1
19591,19944,Eastern,260.9,115.0,138.0,345.0,0.343,1120000869,5.0
76669,76035,Western,259.8,66.0,138.0,220.0,0.186,1061930511,0.5
2255,2065,Eastern,250.5,115.0,138.0,161.0,0.076,1164427908,8.8
70202,70951,ERCOT,250.0,69.0,138.0,345.0,0.112,173162990,0.0
54985,58236,Western,248.0,115.0,138.0,230.0,0.158,51801242,0.3
74950,74635,Western,247.0,115.0,138.0,230.0,0.008,1420623362,3.6
6304,6423,Eastern,242.0,115.0,138.0,500.0,0.327,9424299,9.1
21762,22405,Eastern,242.0,115.0,138.0,345.0,0.063,49810095,1.6
55127,58364,Western,240.0,115.0,138.0,345.0,0.091,104039675,0.3
84420,33858,Eastern,228.7,130.5,138.0,345.0,0.434,165469721,0.5
36193,38151,Eastern,223.5,115.0,138.0,230.0,0.299,10810334,26.9
18411,18715,Eastern,216.3,115.0,138.0,345.0,0.532,170835815,1.0
18106,18416,Eastern,213.4,115.0,138.0,161.0,0.052,392553493,1.1
70024,70824,Western,203.0,115.0,138.0,220.0,0.574,88776832,1.3
68625,69787,Western,202.6,115.0,138.0,500.0,0.539,377366303,1.2
60108,62715,Western,201.0,115.0,138.0,230.0,0.009,1191697016,15.1
60573,63122,Western,200.6,115.0,138.0,345.0,0.014,1294833305,15.5
65463,67450,Western,199.8,66.0,115.0,220.0,0.006,1251831179,3.2
76054,75557,Western,179.0,66.0,115.0,220.0,0.641,1251831136,1.2
67858,69248,Eastern,170.0,69.0,115.0,138.0,0.001,630415513,7.3
69753,70641,ERCOT,155.4,13.8,115.0,138.0,0.006,467959189,5.5
38595,40825,Eastern,150.0,69.0,115.0,138.0,0.031,1107622487,9.7
17898,18199,Eastern,150.0,69.0,115.0,138.0,0.046,21709980,14.8
23227,23895,Eastern,147.8,69.0,115.0,161.0,0.023,892481004,14.3
66523,68206,ERCOT,135.0,69.0,115.0,345.0,0.063,171926568,9.1
89517,76677,Western,129.4,66.0,115.0,230.0,0.03,165359317,0.0
66671,68309,Western,126.4,66.0,115.0,220.0,0.055,936171471,2.7
70749,71335,ERCOT,119.8,69.0,115.0,138.0,0.017,21196797,12.7
58596,61430,Western,115.7,69.0,115.0,230.0,0.312,183178922,0.3
70085,70866,ERCOT,115.5,69.0,115.0,345.0,0.016,453310254,5.9
85119,36672,Eastern,109.5,100.0,115.0,230.0,0.055,708669868,1.4
58479,61343,Eastern,108.2,69.0,115.0,115.0,0.001,1064187786,5.9
73314,73221,ERCOT,101.0,69.0,115.0,138.0,0.032,501745937,25.4
44094,56035,Eastern,100.0,41.6,115.0,115.0,0.391,159761561,12.3
78115,77255,ERCOT,100.0,69.0,115.0,138.0,0.136,258412817,1.0
75858,75401,ERCOT,100.0,69.0,115.0,138.0,0.004,339945448,0.0
77083,76363,Western,100.0,66.0,115.0,287.0,0.274,49047890,2.3
19690,20069,Eastern,98.9,69.0,115.0,161.0,0.004,133816533,9.5
48869,61039,Western,98.1,69.0,115.0,115.0,0.109,1227151924,4.5
89466,75756,Western,94.5,70.0,115.0,115.0,0.007,1275887352,0.0
15033,15351,Eastern,94.0,69.0,115.0,115.0,0.034,396270377,15.7
87835,58509,Western,93.8,69.0,115.0,230.0,0.482,169005296,0.0
88052,59324,Western,92.0,69.0,115.0,230.0,0.018,167925260,0.0
88976,69523,Western,91.5,66.0,115.0,500.0,0.235,52183968,5.0
17212,17544,Eastern,90.5,69.0,115.0,115.0,0.17,18289391,4.3
78051,77201,Western,88.5,66.0,115.0,220.0,0.024,1431585162,0.1
80894,5713,Eastern,85.3,100.0,115.0,230.0,0.142,189018170,0.0
76029,75534,ERCOT,83.0,69.0,115.0,138.0,0.046,1339072061,5.6
60992,63459,Western,83.0,69.0,115.0,138.0,0.009,1338543213,1.3
13536,13783,Eastern,82.8,69.0,115.0,138.0,0.089,1210834802,0.1
83007,19634,Eastern,82.5,100.0,115.0,115.0,0.011,11464774,52.1
80132,3444,Eastern,80.6,100.0,115.0,115.0,0.097,185669236,18.9
24422,25098,Eastern,79.6,69.0,115.0,138.0,0.01,1275136981,10.7
67114,68684,Eastern,78.2,69.0,115.0,345.0,0.075,1342560563,1.0
84367,33664,Eastern,75.1,100.0,115.0,115.0,0.002,466573461,1.7
48747,51922,Eastern,75.0,69.0,115.0,115.0,0.004,1077147001,4.4
47734,50886,Eastern,74.9,100.0,115.0,230.0,0.037,562596253,1.5
75062,74724,ERCOT,72.2,69.0,115.0,345.0,0.153,171694586,12.6
15188,15500,Eastern,69.2,69.0,115.0,138.0,0.558,1230749804,1.7
75738,75304,ERCOT,69.2,69.0,115.0,138.0,0.051,488508154,2.1
31615,33069,Eastern,68.2,69.0,115.0,161.0,0.325,19417520,1.4
82220,12886,Eastern,67.8,100.0,115.0,500.0,0.341,112389606,0.8
76259,75714,ERCOT,66.0,13.8,115.0,138.0,0.005,344546691,0.2
74417,74214,Western,64.8,66.0,115.0,220.0,0.144,936171471,2.2
77266,76516,Western,64.1,66.0,115.0,220.0,0.337,33605092,3.4
41315,43827,Eastern,62.3,69.0,115.0,345.0,0.14,641704667,0.2
83006,19633,Eastern,60.0,100.0,115.0,115.0,0.002,238567332,12.3
77662,76834,Western,59.8,66.0,115.0,500.0,0.163,1294858669,0.3
14937,15256,Eastern,55.8,69.0,115.0,230.0,0.255,1219917200,0.3
67273,68816,Western,55.8,66.0,115.0,220.0,0.484,74839024,4.5
88325,61727,Western,55.5,69.0,115.0,138.0,0.043,1238199999,0.0
62838,65086,Western,55.2,69.0,115.0,161.0,0.265,5433508,3.2
42811,45446,Eastern,55.0,69.0,115.0,161.0,0.118,1272518183,0.2
71114,71592,Western,54.9,69.0,115.0,230.0,0.218,93128745,1.1
64498,66684,Western,53.7,66.0,115.0,500.0,0.126,167753459,0.4
60993,63460,Western,53.4,69.0,115.0,345.0,0.208,1077464548,3.6
2047,1875,Eastern,50.4,69.0,115.0,161.0,0.544,1163836428,10.4
89255,72423,Western,50.3,69.0,115.0,115.0,0.493,10484022,5.9
15779,16103,Eastern,50.0,69.0,115.0,138.0,0.015,842807625,13.1
41431,43957,Eastern,50.0,69.0,115.0,161.0,0.516,21478418,6.2
63701,65924,Eastern,50.0,69.0,115.0,230.0,0.087,1023581588,2.9
73995,73855,Western,50.0,66.0,115.0,500.0,0.55,79440939,7.1
63531,65754,Western,50.0,69.0,115.0,230.0,0.111,104538871,0.2
23032,23703,Eastern,49.9,69.0,115.0,138.0,0.261,168524703,0.7
67876,69260,Western,48.0,60.0,115.0,115.0,0.003,436955537,2.1
14354,14652,Eastern,47.0,69.0,115.0,230.0,0.115,377021975,1.2
36045,37934,Eastern,46.8,69.0,115.0,230.0,0.121,55814862,2.1
70751,71337,Western,46.0,66.0,115.0,230.0,0.136,24283035,1.4
49322,52480,Eastern,44.6,69.0,115.0,230.0,0.165,18040884,1.4
1848,21771,Eastern,44.0,100.0,115.0,115.0,0.599,1177951720,0.1
13226,13459,Eastern,44.0,69.0,115.0,500.0,0.562,117322714,11.2
56992,69033,Western,42.8,66.0,115.0,500.0,0.331,1216926391,8.1
74259,74080,ERCOT,41.8,69.0,115.0,138.0,0.39,461754709,0.7
65686,67616,ERCOT,41.0,69.0,115.0,138.0,0.001,488508184,0.9
78126,77264,Western,41.0,66.0,115.0,230.0,0.325,1149316488,8.7
14934,15253,Eastern,40.0,69.0,115.0,500.0,0.268,1234608283,10.2
48830,61004,Western,40.0,69.0,115.0,230.0,0.103,170357156,0.3
19144,19464,Eastern,39.4,69.0,115.0,161.0,0.2,216571550,0.2
50967,54201,Eastern,38.8,69.0,115.0,161.0,0.033,1385683199,0.4
25727,26435,Eastern,38.8,69.0,115.0,115.0,0.003,145495598,0.6
80053,3187,Eastern,38.5,100.0,115.0,115.0,0.06,16682209,14.7
76088,75581,Eastern,38.4,69.0,115.0,230.0,0.436,338385034,0.4
75931,75457,Western,36.7,66.0,115.0,115.0,0.003,83802821,0.6
76736,76087,Western,34.8,66.0,115.0,220.0,0.517,37692648,11.5
68350,69598,Western,34.0,69.0,115.0,230.0,0.003,896565297,3.8
78535,77604,Western,33.0,66.0,115.0,500.0,0.372,85861354,4.5
36996,38993,Eastern,32.6,69.0,115.0,138.0,0.122,1023350826,0.1
81411,7481,Eastern,31.1,100.0,115.0,230.0,0.103,252847850,0.4
55287,58495,Western,30.4,46.0,115.0,138.0,0.298,1323491950,2.1
87756,58308,Western,30.0,69.0,115.0,345.0,0.602,102996331,0.0
74922,74612,Western,30.0,66.0,115.0,220.0,0.483,91735956,1.4
55224,58444,Western,29.4,69.0,115.0,230.0,0.133,15733307,7.1
2333,2137,Eastern,28.4,69.0,115.0,161.0,0.314,1163871015,1.8
38320,40523,Eastern,28.2,69.0,115.0,138.0,0.354,856100775,0.3
